"DESCRIPTION","DURATION IN MS","NAME","PARENT SUITE","START TIME","STATUS","STOP TIME","SUB SUITE","SUITE","TEST CLASS","TEST METHOD"
"Test handling of exploit generation failure","68","test_generate_exploit_failure","tests","Sun Oct 05 03:10:05 UTC 2025","passed","Sun Oct 05 03:10:06 UTC 2025","TestExploit","test_exploits","",""
"","8","test_generate_exploit_with_sonarqube_key","tests","Sun Oct 05 03:10:06 UTC 2025","passed","Sun Oct 05 03:10:06 UTC 2025","TestExploit","test_exploits","",""
"Test that CORS (Cross-Origin Resource Sharing) headers are present for security.","4","test_cors_headers","tests","Sun Oct 05 03:10:06 UTC 2025","passed","Sun Oct 05 03:10:06 UTC 2025","TestSecurity","test_security","",""
"","2","test_health","tests","Sun Oct 05 03:10:06 UTC 2025","passed","Sun Oct 05 03:10:06 UTC 2025","TestExploitReplayerHealth","test_health","",""
"Test getting a specific exploit by ID","0","test_success_get_exploit_by_id","tests","Sun Oct 05 03:10:06 UTC 2025","passed","Sun Oct 05 03:10:06 UTC 2025","TestExploit","test_exploits","",""
"Test that invalid exploit generation requests are rejected.","3","test_input_validation","tests","Sun Oct 05 03:10:06 UTC 2025","passed","Sun Oct 05 03:10:06 UTC 2025","TestSecurity","test_security","",""
"Ensure exploit generation does not return dangerous SQL payloads.","1559","test_sql_injection_payload_rejected","tests","Sun Oct 05 03:10:06 UTC 2025","passed","Sun Oct 05 03:10:07 UTC 2025","TestSecurity","test_security","",""
"Test generating exploit with manual parameters","15","test_generate_exploit_manual_mode","tests","Sun Oct 05 03:10:06 UTC 2025","passed","Sun Oct 05 03:10:06 UTC 2025","TestExploit","test_exploits","",""
"Test getting all exploits","5","test_get_all_exploits","tests","Sun Oct 05 03:10:06 UTC 2025","passed","Sun Oct 05 03:10:06 UTC 2025","TestExploit","test_exploits","",""
"","0","test_get_nonexistent_exploit_by_id","tests","Sun Oct 05 03:10:06 UTC 2025","passed","Sun Oct 05 03:10:06 UTC 2025","TestExploit","test_exploits","",""
"Ensure exploit generation does not return real domain or credential leaks.","9","test_xss_payload_sanitization","tests","Sun Oct 05 03:10:07 UTC 2025","passed","Sun Oct 05 03:10:07 UTC 2025","TestSecurity","test_security","",""
